group_id,body_wt,brain_wt,cgrt_cnt,nctn_mg,dose_mg,hypalg_bfr,hypalg_aft
01,412.0,1.1,0,0,0.0,5,0
01,399.4,1.2,0,0,0.0,4,0
01,456.8,1.1,0,0,0.0,3,0
01,370.4,1.4,0,0,0.0,4,0
01,356.4,1.3,0,0,0.0,8,0
02,448.2,1.8,2,0,0.0,2,0
02,451.8,1.6,2,0,0.0,2,0
02,453.0,1.7,2,0,0.0,2,0
02,449.4,1.9,2,0,0.0,1,0
02,459.4,1.9,2,0,0.0,2,0
03,325.2,1.1,2,0,1.5,4,4
03,341.2,1.2,2,0,1.5,2,4
03,327.8,1.2,2,0,1.5,3,3
03,335.0,1.7,2,0,1.5,1,9
03,386.4,1.5,2,0,1.5,4,2
04,332.2,0.9,2,0,3.0,2,7
04,381.2,1.4,2,0,3.0,1,8
04,381.4,1.1,2,0,3.0,3,5
04,374.8,1.6,2,0,3.0,4,2
04,383.0,1.5,2,0,3.0,3,5
05,344.8,1.9,0,6,0.0,2,0
05,341.4,2.1,0,6,0.0,2,0
05,331.2,1.9,0,6,0.0,2,0
05,332.2,1.9,0,6,0.0,1,0
05,354.8,2.1,0,6,0.0,2,0
06,335.0,1.8,0,9,0.0,1,0
06,340.0,2.1,0,9,0.0,2,0
06,331.4,2.1,0,9,0.0,2,0
06,339.0,1.8,0,9,0.0,3,0
06,338.2,2.0,0,9,0.0,2,0
07,312.4,1.2,0,6,1.5,2,4
07,315.6,1.2,0,6,1.5,1,3
07,336.4,1.4,0,6,1.5,1,6
07,344.4,1.7,0,6,1.5,2,4
07,348.4,2.1,0,6,1.5,2,2
08,376.2,1.2,0,6,3.0,2,4
08,338.4,1.1,0,6,3.0,2,3
08,319.6,1.1,0,6,3.0,1,1
08,323.6,1.0,0,6,3.0,2,3
08,326.8,1.6,0,6,3.0,2,8
09,339.8,1.3,0,9,1.5,1,2
09,319.0,1.8,0,9,1.5,3,5
09,297.6,1.5,0,9,1.5,2,3
09,319.0,1.9,0,9,1.5,1,4
09,332.2,1.1,0,9,1.5,1,7
10,363.2,1.5,0,9,3.0,2,3
10,370.2,1.8,0,9,3.0,3,5
10,330.0,1.1,0,9,3.0,1,7
10,358.0,1.4,0,9,3.0,1,8
10,355.0,1.4,0,9,3.0,2,4