group_id,cgrt_cnt,nctn_mg,dose_mg,nAChR,BDNF_n,Trk-β,BDNF_T,BDNF_I,IL-6,iNOS,Nrf-2
1,0,0,0,8,4,5,7,5,1,1,5
1,0,0,0,7,6,6,5,8,2,0,7
1,0,0,0,6,5,3,4,7,2,0,4
1,0,0,0,7,2,4,3,6,0,0,6
1,0,0,0,5,5,3,6,7,0,1,5
1,0,0,0,4,8,8,5,5,0,0,4
1,0,0,0,5,6,5,2,8,0,1,5
1,0,0,0,2,4,2,4,7,5,0,7
1,0,0,0,3,3,6,1,4,1,1,8
1,0,0,0,3,5,7,4,3,1,0,5
2,2,0,0,10,11,12,11,7,4,4,3
2,2,0,0,7,8,11,10,8,3,5,2
2,2,0,0,7,8,8,9,7,5,7,3
2,2,0,0,7,7,9,8,7,4,8,4
2,2,0,0,8,9,7,8,6,3,6,2
2,2,0,0,6,10,6,7,9,4,3,3
2,2,0,0,9,11,8,9,7,3,1,2
2,2,0,0,8,12,10,10,8,5,4,4
2,2,0,0,5,4,5,8,4,3,5,3
2,2,0,0,8,7,3,6,7,5,5,4
4,2,0,3,3,3,7,5,3,4,1,5
4,2,0,3,4,4,8,4,2,5,2,4
4,2,0,3,5,7,3,7,1,3,0,6
4,2,0,3,6,7,2,6,3,3,1,5
4,2,0,3,7,8,8,8,4,1,1,4
4,2,0,3,6,3,9,6,5,1,2,7
4,2,0,3,5,6,4,2,3,2,2,8
4,2,0,3,3,4,8,3,3,4,1,8
4,2,0,3,5,5,3,3,2,3,2,9
4,2,0,3,4,9,2,5,5,2,1,5
6,0,9,0,11,10,9,10,10,4,3,3
6,0,9,0,12,9,8,9,9,8,3,2
6,0,9,0,9,9,9,8,8,7,1,3
6,0,9,0,9,9,8,9,7,9,7,3
6,0,9,0,8,8,7,7,11,10,6,4
6,0,9,0,6,6,6,6,6,8,5,5
6,0,9,0,7,8,10,8,8,9,4,5
6,0,9,0,5,10,8,9,9,6,6,4
6,0,9,0,9,8,9,7,5,3,2,6
6,0,9,0,8,8,7,6,4,4,6,2
8,0,6,3,9,6,7,6,6,3,1,10
8,0,6,3,6,8,5,3,5,1,2,9
8,0,6,3,4,7,6,5,3,3,4,8
8,0,6,3,3,3,3,4,4,2,3,3
8,0,6,3,8,6,4,7,6,4,2,6
8,0,6,3,7,5,8,5,3,3,3,9
8,0,6,3,5,1,6,6,5,2,1,5
8,0,6,3,6,5,3,3,4,5,4,7
8,0,6,3,6,6,7,9,6,2,3,6
8,0,6,3,2,3,9,8,3,1,2,5
