Group_ID,Study_Duration,IL-6,iNOS,BDNF_SUP,Nrf-2,hypalg_aft,hypalg_rel
6,4,2.067726492928885,1.1281860767407552,1.542043452626586,-1.3341037516302146,-1.3366519041822753,-0.5753562514544396
6,4,2.067726492928885,1.1281860767407552,1.542043452626586,-1.3341037516302146,-0.39534774630743347,-0.5753562514544396
6,4,2.067726492928885,1.1281860767407552,1.542043452626586,-1.3341037516302146,-0.8659998252448543,-0.5753562514544396
6,4,2.067726492928885,1.1281860767407552,1.542043452626586,-1.3341037516302146,-0.8659998252448543,-0.5753562514544396
6,4,2.067726492928885,1.1281860767407552,1.542043452626586,-1.3341037516302146,-0.8659998252448543,-0.5753562514544396
2,4,0.029085564880930698,1.5550337274718513,1.997151888020396,-1.9839658280964334,-1.3366519041822753,-0.5753562514544396
2,4,0.029085564880930698,1.5550337274718513,1.997151888020396,-1.9839658280964334,-0.8659998252448543,-0.5753562514544396
2,4,0.029085564880930698,1.5550337274718513,1.997151888020396,-1.9839658280964334,-0.8659998252448543,-0.5753562514544396
2,4,0.029085564880930698,1.5550337274718513,1.997151888020396,-1.9839658280964334,-0.8659998252448543,-0.5753562514544396
2,4,0.029085564880930698,1.5550337274718513,1.997151888020396,-1.9839658280964334,-0.8659998252448543,-0.5753562514544396
2,12,0.5211713061338851,1.8111423179105088,1.5333780400542345,-1.4269411911253889,-0.8659998252448543,-0.5753562514544396
2,12,0.5211713061338851,1.8111423179105088,1.5333780400542345,-1.4269411911253889,-0.8659998252448543,-0.5753562514544396
2,12,0.5211713061338851,1.8111423179105088,1.5333780400542345,-1.4269411911253889,-0.8659998252448543,-0.5753562514544396
2,12,0.5211713061338851,1.8111423179105088,1.5333780400542345,-1.4269411911253889,-1.3366519041822753,-0.5753562514544396
2,12,0.5211713061338851,1.8111423179105088,1.5333780400542345,-1.4269411911253889,-1.3366519041822753,-0.5753562514544396
9,4,1.2648256361824204,0.8236482115406962,0.7182289389317396,-0.16400380186790825,0.5459564115674083,-0.24050611238594574
9,12,0.8045599356481654,0.5286072508924369,0.22742563447968553,0.29993782905051763,0.5459564115674083,-0.5753562514544396
9,12,0.8045599356481654,0.5286072508924369,0.22742563447968553,0.29993782905051763,1.957912648379671,-0.27399112629279515
9,12,0.8045599356481654,0.5286072508924369,0.22742563447968553,0.29993782905051763,1.0166084905048292,0.4291941657510421
9,4,1.2648256361824204,0.8236482115406962,0.7182289389317396,-0.16400380186790825,1.48726056944225,2.438295000162005
9,4,1.2648256361824204,0.8236482115406962,0.7182289389317396,-0.16400380186790825,0.07530433262998741,0.931469374353783
9,12,0.8045599356481654,0.5286072508924369,0.22742563447968553,0.29993782905051763,0.5459564115674083,1.4337445829565236
3,4,-0.3844915321099512,0.02716723717112361,0.08672097982316355,-0.518413848961112,-0.39534774630743347,-0.5753562514544396
3,4,-0.3844915321099512,0.02716723717112361,0.08672097982316355,-0.518413848961112,-0.8659998252448543,-0.5753562514544396
3,4,-0.3844915321099512,0.02716723717112361,0.08672097982316355,-0.518413848961112,0.07530433262998741,-0.07308104285169878
3,12,-0.3574135923177889,0.19921753020329777,-0.1374297892042461,-0.4126415599257982,0.5459564115674083,-0.4497874493037544
3,4,-0.3844915321099512,0.02716723717112361,0.08672097982316355,-0.518413848961112,0.07530433262998741,-0.5753562514544396
3,12,-0.3574135923177889,0.19921753020329777,-0.1374297892042461,-0.4126415599257982,0.07530433262998741,-0.5753562514544396
5,4,0.6211002664570784,0.4204862201643958,1.0637452412759916,-0.8352274293546252,-1.3366519041822753,-0.5753562514544396
5,4,0.6211002664570784,0.4204862201643958,1.0637452412759916,-0.8352274293546252,-0.8659998252448543,-0.5753562514544396
5,4,0.6211002664570784,0.4204862201643958,1.0637452412759916,-0.8352274293546252,-0.8659998252448543,-0.5753562514544396
5,4,0.6211002664570784,0.4204862201643958,1.0637452412759916,-0.8352274293546252,-0.8659998252448543,-0.5753562514544396
5,4,0.6211002664570784,0.4204862201643958,1.0637452412759916,-0.8352274293546252,-0.8659998252448543,-0.5753562514544396
5,12,0.4945230483563696,0.4261498834709651,0.2473970130420882,-0.639653916081498,-0.8659998252448543,-0.5753562514544396
5,12,0.4945230483563696,0.4261498834709651,0.2473970130420882,-0.639653916081498,-0.8659998252448543,-0.5753562514544396
5,12,0.4945230483563696,0.4261498834709651,0.2473970130420882,-0.639653916081498,-0.8659998252448543,-0.5753562514544396
5,12,0.4945230483563696,0.4261498834709651,0.2473970130420882,-0.639653916081498,-1.3366519041822753,-0.5753562514544396
5,12,0.4945230483563696,0.4261498834709651,0.2473970130420882,-0.639653916081498,-1.3366519041822753,-0.5753562514544396
9,12,0.8045599356481654,0.5286072508924369,0.22742563447968553,0.29993782905051763,-0.8659998252448543,-0.5753562514544396
9,4,1.2648256361824204,0.8236482115406962,0.7182289389317396,-0.16400380186790825,-0.8659998252448543,-0.07308104285169878
9,4,1.2648256361824204,0.8236482115406962,0.7182289389317396,-0.16400380186790825,-0.39534774630743347,-0.3242186471530692
6,12,1.5053427886397943,0.7013384260096592,0.04264582833187642,-0.8699165541543442,0.07530433262998741,-0.5753562514544396
6,12,1.5053427886397943,0.7013384260096592,0.04264582833187642,-0.8699165541543442,0.07530433262998741,-0.5753562514544396
6,12,1.5053427886397943,0.7013384260096592,0.04264582833187642,-0.8699165541543442,-1.3366519041822753,-0.5753562514544396
6,12,1.5053427886397943,0.7013384260096592,0.04264582833187642,-0.8699165541543442,-0.39534774630743347,-0.5753562514544396
6,12,1.5053427886397943,0.7013384260096592,0.04264582833187642,-0.8699165541543442,-0.8659998252448543,-0.5753562514544396
3,12,-0.3574135923177889,0.19921753020329777,-0.1374297892042461,-0.4126415599257982,0.07530433262998741,0.931469374353783
3,12,-0.3574135923177889,0.19921753020329777,-0.1374297892042461,-0.4126415599257982,1.48726056944225,0.6803317700524125
7,12,-0.1957190598571273,-0.23876131655430405,-0.2594844058108205,0.40720903783800805,1.0166084905048292,0.4291941657510421
8,12,-0.8847879545888419,-0.15235687545253285,0.27942131987353636,1.6366943122153563,0.5459564115674083,1.4337445829565236
8,4,-0.8847879545888419,-0.4084654658911903,-0.7796260133460061,1.5438568727201818,1.957912648379671,0.931469374353783
7,12,-0.1957190598571273,-0.23876131655430405,-0.2594844058108205,0.40720903783800805,2.4285647273170916,1.1826069786551532
4,4,-0.7441920285165693,-1.432899827645821,-1.7730047766218058,0.8939947962539629,1.957912648379671,2.940570208764746
4,12,-1.095681843697251,-1.2621607673533823,-1.7245427794720896,0.5226450382732671,1.48726056944225,2.438295000162005
10,4,0.6475857269103092,0.06631413429225182,-0.5069659764506828,1.0904372986315598,1.48726056944225,2.438295000162005
10,4,0.6475857269103092,0.06631413429225182,-0.5069659764506828,1.0904372986315598,1.957912648379671,2.940570208764746
10,12,0.11431782743466816,-0.1363039491328323,-0.27945578437322327,1.3468007829700228,1.957912648379671,2.940570208764746
3,4,-0.3844915321099512,0.02716723717112361,0.08672097982316355,-0.518413848961112,2.4285647273170916,3.442845417367487
3,12,-0.3574135923177889,0.19921753020329777,-0.1374297892042461,-0.4126415599257982,1.0166084905048292,1.9360197915592645
7,4,0.003860357184966832,-0.3368478570840486,-0.16144967410643166,0.4192136711448428,1.0166084905048292,1.9360197915592645
7,12,-0.1957190598571273,-0.23876131655430405,-0.2594844058108205,0.40720903783800805,1.48726056944225,2.438295000162005
8,4,-0.8847879545888419,-0.4084654658911903,-0.7796260133460061,1.5438568727201818,0.07530433262998741,-0.07308104285169878
8,4,-0.8847879545888419,-0.4084654658911903,-0.7796260133460061,1.5438568727201818,-0.39534774630743347,-0.3242186471530692
8,4,-0.8847879545888419,-0.4084654658911903,-0.7796260133460061,1.5438568727201818,-0.39534774630743347,-0.3242186471530692
8,12,-0.8847879545888419,-0.15235687545253285,0.27942131987353636,1.6366943122153563,0.07530433262998741,-0.5753562514544396
8,12,-0.8847879545888419,-0.15235687545253285,0.27942131987353636,1.6366943122153563,-0.39534774630743347,-0.3242186471530692
8,4,-0.8847879545888419,-0.4084654658911903,-0.7796260133460061,1.5438568727201818,-1.3366519041822753,-0.5753562514544396
8,12,-0.8847879545888419,-0.15235687545253285,0.27942131987353636,1.6366943122153563,-0.8659998252448543,-0.5753562514544396
8,12,-0.8847879545888419,-0.15235687545253285,0.27942131987353636,1.6366943122153563,-1.3366519041822753,-0.5753562514544396
7,4,0.003860357184966832,-0.3368478570840486,-0.16144967410643166,0.4192136711448428,-0.8659998252448543,-0.5753562514544396
7,12,-0.1957190598571273,-0.23876131655430405,-0.2594844058108205,0.40720903783800805,-0.8659998252448543,-0.07308104285169878
7,4,0.003860357184966832,-0.3368478570840486,-0.16144967410643166,0.4192136711448428,-0.39534774630743347,0.4291941657510421
7,12,-0.1957190598571273,-0.23876131655430405,-0.2594844058108205,0.40720903783800805,0.07530433262998741,-0.5753562514544396
7,4,0.003860357184966832,-0.3368478570840486,-0.16144967410643166,0.4192136711448428,0.07530433262998741,-0.07308104285169878
7,4,0.003860357184966832,-0.3368478570840486,-0.16144967410643166,0.4192136711448428,0.07530433262998741,-0.07308104285169878
10,12,0.11431782743466816,-0.1363039491328323,-0.27945578437322327,1.3468007829700228,-0.39534774630743347,-0.5753562514544396
10,12,0.11431782743466816,-0.1363039491328323,-0.27945578437322327,1.3468007829700228,-0.8659998252448543,-0.5753562514544396
10,12,0.11431782743466816,-0.1363039491328323,-0.27945578437322327,1.3468007829700228,1.0166084905048292,-0.4749012097338915
10,4,0.6475857269103092,0.06631413429225182,-0.5069659764506828,1.0904372986315598,0.5459564115674083,-0.24050611238594574
10,4,0.6475857269103092,0.06631413429225182,-0.5069659764506828,1.0904372986315598,0.07530433262998741,-0.07308104285169878
10,4,0.6475857269103092,0.06631413429225182,-0.5069659764506828,1.0904372986315598,-0.39534774630743347,-0.3242186471530692
10,12,0.11431782743466816,-0.1363039491328323,-0.27945578437322327,1.3468007829700228,0.07530433262998741,-0.40793118192019273
4,4,-0.7441920285165693,-1.432899827645821,-1.7730047766218058,0.8939947962539629,-0.8659998252448543,-0.5753562514544396
4,4,-0.7441920285165693,-1.432899827645821,-1.7730047766218058,0.8939947962539629,0.5459564115674083,-0.24050611238594574
4,4,-0.7441920285165693,-1.432899827645821,-1.7730047766218058,0.8939947962539629,0.5459564115674083,-0.24050611238594574
4,12,-1.095681843697251,-1.2621607673533823,-1.7245427794720896,0.5226450382732671,0.07530433262998741,-0.5753562514544396
4,12,-1.095681843697251,-1.2621607673533823,-1.7245427794720896,0.5226450382732671,0.07530433262998741,-0.07308104285169878
4,12,-1.095681843697251,-1.2621607673533823,-1.7245427794720896,0.5226450382732671,0.07530433262998741,0.931469374353783
4,4,-0.7441920285165693,-1.432899827645821,-1.7730047766218058,0.8939947962539629,1.48726056944225,0.6803317700524125
4,12,-1.095681843697251,-1.2621607673533823,-1.7245427794720896,0.5226450382732671,1.48726056944225,0.6803317700524125
1,4,-1.868959437094751,-2.201225598961794,-0.951955311007885,0.4298075987780925,1.957912648379671,-0.5753562514544396
1,12,-1.6580655479863418,-1.51826935779204,-1.1642438260661068,-0.40572935667847376,1.48726056944225,-0.5753562514544396
1,4,-1.868959437094751,-2.201225598961794,-0.951955311007885,0.4298075987780925,-0.39534774630743347,-0.5753562514544396
1,4,-1.868959437094751,-2.201225598961794,-0.951955311007885,0.4298075987780925,0.5459564115674083,-0.5753562514544396
1,4,-1.868959437094751,-2.201225598961794,-0.951955311007885,0.4298075987780925,0.07530433262998741,-0.5753562514544396
1,4,-1.868959437094751,-2.201225598961794,-0.951955311007885,0.4298075987780925,0.07530433262998741,-0.5753562514544396
1,12,-1.6580655479863418,-1.51826935779204,-1.1642438260661068,-0.40572935667847376,0.5459564115674083,-0.5753562514544396
1,12,-1.6580655479863418,-1.51826935779204,-1.1642438260661068,-0.40572935667847376,-0.39534774630743347,-0.5753562514544396
1,12,-1.6580655479863418,-1.51826935779204,-1.1642438260661068,-0.40572935667847376,0.07530433262998741,-0.5753562514544396
1,12,-1.6580655479863418,-1.51826935779204,-1.1642438260661068,-0.40572935667847376,0.07530433262998741,-0.5753562514544396
