LV1,LV2,Group,Duration
-2.940196120810616,-2.0368955923021472,1,4
-2.7063279305139307,-1.8136183002788977,1,4
-2.3402304293722516,-1.9975236458189025,1,4
-2.7611086450068565,-1.6449283504312637,1,4
-3.8182323721709923,-2.1634294919660677,1,4
3.0876447743476394,-1.4814636029148442,2,4
3.094445138905382,-1.5024044242752401,2,4
3.096711927091296,-1.5093846980620387,2,4
3.347581028782338,-1.338459459439779,2,4
3.1088014640828385,-1.5466128249249647,2,4
-0.16458576521071716,-0.707067811464587,3,4
0.05987953677414791,-0.12546148902758592,3,4
0.09799507544088129,-0.5722073207407872,3,4
-0.9205501952756103,1.9141916723752799,3,4
0.20634414517163785,-1.2553994344042132,3,4
-2.838583267030403,0.8582969115457586,4,4
-3.039658916499577,1.736256795985862,4,4
-2.4997436214724247,-0.20073048699996443,4,4
-2.215383823548388,-0.8185788148986887,4,4
-2.496721237224539,-0.21003751871569618,4,4
1.632369302776119,-0.1445728785215935,5,4
1.6259467362493623,-0.12479543612566378,5,4
1.606679036669092,-0.06546310893787533,5,4
1.8662374930728047,0.07870441350165613,5,4
1.651259204325404,-0.20274182674491553,5,4
3.2962117827839252,0.6558664509322782,6,4
3.047987267309783,0.4767975595587536,6,4
3.031741951977398,0.5268228550308105,6,4
2.7884288109060704,0.332630037119222,6,4
3.044587085030912,0.48726797023895163,6,4
-0.5224281175151769,0.6954054743307625,7,4
-0.3244876428614485,1.0091459734188568,7,4
-0.8655034972625157,1.7237714866067715,7,4
-0.4619804325574656,0.5092648400161319,7,4
-0.1333269989461925,0.11128945565621412,7,4
-1.5868995788419729,0.5147586627992365,8,4
-1.4977546702024898,0.5472833845480995,8,4
-1.1150494823705812,0.6192715219345141,8,4
-1.5257117244954312,0.6333734279186161,8,4
-2.322410638478558,1.5515288771636255,8,4
1.7242358132527174,1.1237369312209484,9,4
1.0638686157792125,0.9801382904889471,9,4
1.4197378425113647,1.128040402832657,9,4
1.2980735849478184,1.8018062938537414,9,4
0.7427014053692949,2.560640207691381,9,4
-0.22884106960538078,1.0232552580258678,10,4
-0.611911754568503,0.9591164311237418,10,4
-1.0339510392516014,2.8502405318387147,10,4
-1.1744949314547972,2.9659064519775544,10,4
-0.4048795253715739,1.2583076981042862,10,4
-1.7745022449740044,-1.8424783884120455,1,12
-1.998547686465062,-2.0960035335114227,1,12
-2.4024249907053106,-1.7957602915247737,1,12
-2.171201386625525,-1.5643393467502589,1,12
-2.8100914843719558,-2.427292130921437,1,12
3.230615389565936,-0.6893113992973443,2,12
3.2374157541236785,-0.7102522206577403,2,12
2.9820130760608086,-0.8672169117064026,2,12
2.975212711503066,-0.8462760903460067,2,12
2.9835242681847514,-0.8718704275642686,2,12
-0.1279780677604714,-1.1655228905295782,3,12
-0.21687460480678789,-0.23807248043341678,3,12
-0.2683361846525927,0.8134114433633284,3,12
0.1884276841621474,0.041108384608753934,3,12
-0.07378870266199405,-1.0304000632074364,3,12
-2.269339043976441,-1.2484746279628736,4,12
-2.497807301124002,-0.19322339921943849,4,12
-1.9882327556030148,-0.2351351283700051,4,12
-2.1109883974140726,-0.4632769867442451,4,12
-2.6977465318237024,0.9983574029699418,4,12
1.456172607548833,-0.2165473875313595,5,12
1.4890410362445885,-0.31776135743993966,5,12
1.2351495503056609,-0.4793795643464679,5,12
1.1512783874268366,-0.22110943423491802,5,12
1.201525525547934,-0.37583883650895455,5,12
1.4788988909638705,0.03636561530560434,6,12
1.2412527203573283,-0.17527788707298092,6,12
1.7973938402013518,-0.0009539807116289434,6,12
1.3039671935009536,-0.3683987951744101,6,12
2.1786032625824587,-0.2313944848302918,6,12
-1.1631509571201963,0.8093141938383122,7,12
-0.0502577601083013,0.15787268244607777,7,12
-0.9464098129889563,1.3318523129470938,7,12
-0.7517751813961969,0.4636409736231868,7,12
-0.6060292663613622,-0.643912419265041,7,12
-0.7874836937551027,-0.6749108345558139,8,12
-1.1240339833177595,-0.2324466973826339,8,12
-0.7284415999695155,0.1292311115140125,8,12
-1.0854770555136668,1.210671042755013,8,12
-0.4122288655910893,0.405973946646521,8,12
-0.12372924471714475,0.03130925281395325,9,12
1.0320601861813046,0.20548871899456178,9,12
0.43060483126254917,1.7325526828824067,9,12
0.2752971027673367,-0.2944898282630867,9,12
0.38722065398128636,0.9630479818870048,9,12
-1.2778751389663736,0.240002793162869,10,12
-0.7158363948550507,0.05065451993598702,10,12
-0.39847483971052633,0.016825060812152848,10,12
-0.6757231393082008,0.26995276904427923,10,12
-1.3894039514657464,2.4383551840816367,10,12
